person_id,incident_id,role
arrest_18930371,case_HX366462,suspect
arrest_18930380,case_HX366462,suspect
arrest_18911951,case_HX298330,suspect
arrest_18911939,case_HX298330,suspect
arrest_18932616,case_HX341176,suspect
arrest_18932624,case_HX341176,suspect
arrest_18930393,case_HX336524,suspect
arrest_18930405,case_HX336524,suspect
arrest_18922628,case_HX320158,suspect
arrest_18934299,case_HX320158,suspect
arrest_18936514,case_HX349186,suspect
arrest_18936516,case_HX349186,suspect
arrest_18936517,case_HX349186,suspect
arrest_18932970,case_HX341798,suspect
arrest_18932968,case_HX341798,suspect
arrest_18934582,case_HX345234,suspect
arrest_18934612,case_HX345234,suspect
arrest_18934605,case_HX345234,suspect
arrest_18934649,case_HX345234,suspect
arrest_18933082,case_HX342279,suspect
arrest_18933088,case_HX342279,suspect
arrest_18939481,case_HX354741,suspect
arrest_18939401,case_HX354741,suspect
arrest_18939459,case_HX354741,suspect
arrest_18939413,case_HX354741,suspect
arrest_18939375,case_HX354741,suspect
arrest_18939428,case_HX354741,suspect
arrest_18939390,case_HX354741,suspect
arrest_18939439,case_HX354741,suspect
arrest_18914064,case_HX302515,suspect
arrest_18914072,case_HX302515,suspect
arrest_18914052,case_HX302515,suspect
arrest_18914020,case_HX302515,suspect
arrest_18914078,case_HX302515,suspect
arrest_18908487,case_HX290846,suspect
arrest_18908565,case_HX290846,suspect
arrest_18916551,case_HX307932,suspect
arrest_18916554,case_HX307932,suspect
arrest_18939981,case_HX356077,suspect
arrest_18940026,case_HX356077,suspect
arrest_18948912,case_HX348663,suspect
arrest_18948908,case_HX348663,suspect
arrest_18915173,case_HX304846,suspect
arrest_18915178,case_HX304846,suspect
arrest_18915164,case_HX304846,suspect
arrest_18918980,case_HX312765,suspect
arrest_18918975,case_HX312765,suspect
arrest_18944264,case_HX364792,suspect
arrest_18944232,case_HX364792,suspect
arrest_18925863,case_HX327345,suspect
arrest_18925880,case_HX327345,suspect
arrest_18935782,case_HX347729,suspect
arrest_18935769,case_HX347729,suspect
arrest_18935757,case_HX347729,suspect
arrest_18949054,case_HX347729,suspect
arrest_18906523,case_HX287153,suspect
arrest_18906522,case_HX287153,suspect
arrest_18922725,case_HX320354,suspect
arrest_18922736,case_HX320354,suspect
arrest_18915453,case_HX303795,suspect
arrest_18915450,case_HX303795,suspect
arrest_18919947,case_HX314647,suspect
arrest_18919957,case_HX314647,suspect
arrest_18947657,case_HX371706,suspect
arrest_18947689,case_HX371706,suspect
arrest_18947489,case_HX371469,suspect
arrest_18947465,case_HX371469,suspect
arrest_18930223,case_HX335974,suspect
arrest_18930236,case_HX335974,suspect
arrest_18936011,case_HX348070,suspect
arrest_18935990,case_HX348070,suspect
arrest_18915481,case_HX305341,suspect
arrest_18915484,case_HX305341,suspect
arrest_18921338,case_HX317645,suspect
arrest_18921337,case_HX317645,suspect
arrest_18921336,case_HX317645,suspect
arrest_18912444,case_HX299392,suspect
arrest_18912434,case_HX299392,suspect
arrest_18940595,case_HX357252,suspect
arrest_18940587,case_HX357252,suspect
arrest_18940570,case_HX357252,suspect
arrest_18940603,case_HX357252,suspect
arrest_18927752,case_HX330956,suspect
arrest_18927751,case_HX330956,suspect
arrest_18910305,case_HX294506,suspect
arrest_18910306,case_HX294506,suspect
arrest_18908281,case_HX290420,suspect
arrest_18908297,case_HX290420,suspect
arrest_18947785,case_HX371848,suspect
arrest_18947763,case_HX371848,suspect
arrest_18913846,case_HX302234,suspect
arrest_18913830,case_HX302234,suspect
arrest_18925738,case_HX327093,suspect
arrest_18925787,case_HX327093,suspect
arrest_18925740,case_HX327093,suspect
arrest_30063893,case_JE279881,suspect
arrest_30063884,case_JE279881,suspect
arrest_30063890,case_JE279881,suspect
arrest_18946841,case_HX370118,suspect
arrest_18946826,case_HX370118,suspect
arrest_18946838,case_HX370118,suspect
arrest_18940473,case_HX356945,suspect
arrest_18940481,case_HX356945,suspect
arrest_18941921,case_HX277061,suspect
arrest_18939935,case_HX277061,suspect
arrest_18939948,case_HX348391,suspect
arrest_18939957,case_HX348391,suspect
arrest_30086363,case_JE389745,suspect
arrest_30086362,case_JE389745,suspect
arrest_18932819,case_HX341575,suspect
arrest_18932825,case_HX341575,suspect
arrest_18909428,case_HX292926,suspect
arrest_18909427,case_HX292926,suspect
arrest_18909420,case_HX292926,suspect
arrest_18909426,case_HX292926,suspect
arrest_18943721,case_HX363442,suspect
arrest_18943720,case_HX363442,suspect
arrest_18920580,case_HX316107,suspect
arrest_18920581,case_HX316107,suspect
arrest_18920578,case_HX316107,suspect
arrest_18920583,case_HX316107,suspect
arrest_18919589,case_HX314029,suspect
arrest_18919577,case_HX314029,suspect
arrest_18919597,case_HX314029,suspect
arrest_18930609,case_HX337162,suspect
arrest_18930613,case_HX337162,suspect
arrest_18942745,case_HX361628,suspect
arrest_18942760,case_HX361628,suspect
arrest_18942754,case_HX361628,suspect
arrest_18913448,case_HX298159,suspect
arrest_18913426,case_HX298159,suspect
arrest_18921755,case_HX316306,suspect
arrest_18921780,case_HX316306,suspect
arrest_18945532,case_HX367421,suspect
arrest_18945579,case_HX367421,suspect
arrest_18913403,case_HX301178,suspect
arrest_18913366,case_HX301178,suspect
arrest_18917707,case_HX309172,suspect
arrest_18917660,case_HX309172,suspect
arrest_18905822,case_HX285506,suspect
arrest_18905757,case_HX285506,suspect
arrest_18911384,case_HX296999,suspect
arrest_18911380,case_HX296999,suspect
arrest_18909393,case_HX292886,suspect
arrest_18909379,case_HX292886,suspect
arrest_18913067,case_HX300592,suspect
arrest_18913072,case_HX300592,suspect
arrest_18913079,case_HX300592,suspect
arrest_18913961,case_HX302057,suspect
arrest_18913944,case_HX302057,suspect
arrest_18948604,case_HX373855,suspect
arrest_18948558,case_HX373855,suspect
arrest_18948601,case_HX373855,suspect
arrest_18944118,case_HX364602,suspect
arrest_18944129,case_HX364602,suspect
arrest_18920343,case_HX315621,suspect
arrest_18920344,case_HX315621,suspect
arrest_18910519,case_HX294917,suspect
arrest_18910525,case_HX294917,suspect
arrest_30041063,case_JE188171,suspect
arrest_30041068,case_JE188171,suspect
arrest_18933316,case_HX362962,suspect
arrest_18933311,case_HX362962,suspect
arrest_18925477,case_HX326136,suspect
arrest_18925475,case_HX326136,suspect
arrest_18910953,case_HX295772,suspect
arrest_18910952,case_HX295772,suspect
arrest_18932317,case_HX340427,suspect
arrest_18932329,case_HX340427,suspect
arrest_30063310,case_JE277339,suspect
arrest_30063314,case_JE277339,suspect
arrest_19668449,case_JB334862,suspect
arrest_19668436,case_JB334862,suspect
arrest_18935983,case_HX348125,suspect
arrest_18935996,case_HX348125,suspect
arrest_18935984,case_HX348125,suspect
arrest_19668324,case_JB334559,suspect
arrest_19668333,case_JB334559,suspect
arrest_18932744,case_HX341443,suspect
arrest_18932768,case_HX341443,suspect
arrest_18932771,case_HX341443,suspect
arrest_18921123,case_HX317104,suspect
arrest_18921063,case_HX317104,suspect
arrest_18914968,case_HX304319,suspect
arrest_18914964,case_HX304319,suspect
arrest_18947011,case_HX370348,suspect
arrest_18946984,case_HX370348,suspect
arrest_18942883,case_HX361774,suspect
arrest_18942872,case_HX361774,suspect
arrest_18932432,case_HX340632,suspect
arrest_18932390,case_HX340632,suspect
arrest_18932381,case_HX340632,suspect
arrest_18932398,case_HX340632,suspect
arrest_18943241,case_HX360595,suspect
arrest_18943919,case_HX360595,suspect
arrest_18937232,case_HX350609,suspect
arrest_18937265,case_HX350609,suspect
arrest_18911383,case_HX297027,suspect
arrest_18911409,case_HX297027,suspect
arrest_18937578,case_HW351049,suspect
arrest_18937551,case_HW351049,suspect
arrest_18937576,case_HW351049,suspect
arrest_18906629,case_HX287278,suspect
arrest_18906640,case_HX287278,suspect
arrest_18906621,case_HX287278,suspect
arrest_18945330,case_HX367160,suspect
arrest_18945317,case_HX367160,suspect
arrest_18949444,case_HX375642,suspect
arrest_18949447,case_HX375642,suspect
arrest_18921507,case_HX317787,suspect
arrest_18921472,case_HX317787,suspect
arrest_18946245,case_HX368858,suspect
arrest_18946246,case_HX368858,suspect
arrest_18946225,case_HX368858,suspect
arrest_18946224,case_HX368858,suspect
arrest_18935580,case_HX347336,suspect
arrest_18935587,case_HX347336,suspect
arrest_18921791,case_HX318667,suspect
arrest_18921776,case_HX318667,suspect
arrest_18947389,case_HX371220,suspect
arrest_18947404,case_HX371220,suspect
arrest_18947399,case_HX371220,suspect
arrest_18947387,case_HX371220,suspect
arrest_18947394,case_HX371220,suspect
arrest_18947384,case_HX371220,suspect
arrest_18947360,case_HX371220,suspect
arrest_30108171,case_JE494330,suspect
arrest_30108179,case_JE494330,suspect
arrest_30108172,case_JE494330,suspect
arrest_18907661,case_HX280520,suspect
arrest_18907679,case_HX280520,suspect
arrest_18933959,case_HX343902,suspect
arrest_18933938,case_HX343902,suspect
arrest_18915374,case_HX305182,suspect
arrest_18915380,case_HX305182,suspect
arrest_18922956,case_HX320863,suspect
arrest_18922941,case_HX320863,suspect
arrest_18922964,case_HX320863,suspect
arrest_18922491,case_HX319953,suspect
arrest_18922492,case_HX319953,suspect
arrest_18908102,case_HX290296,suspect
arrest_18908107,case_HX290296,suspect
arrest_18922958,case_HX320834,suspect
arrest_18922971,case_HX320834,suspect
arrest_18946586,case_HX369702,suspect
arrest_18946570,case_HX369702,suspect
arrest_18910586,case_HX295193,suspect
arrest_18910574,case_HX295193,suspect
arrest_18917415,case_HX306826,suspect
arrest_18918124,case_HX306826,suspect
arrest_18933798,case_HX336082,suspect
arrest_18933916,case_HX336082,suspect
arrest_18922996,case_HX320927,suspect
arrest_18923044,case_HX320927,suspect
arrest_18937008,case_HX350125,suspect
arrest_18937007,case_HX350125,suspect
arrest_18947041,case_HX370401,suspect
arrest_18947045,case_HX370401,suspect
arrest_18947052,case_HX370401,suspect
arrest_18919998,case_HX314814,suspect
arrest_18919990,case_HX314814,suspect
arrest_18938647,case_HX353125,suspect
arrest_18938649,case_HX353125,suspect
arrest_18946487,case_HX369426,suspect
arrest_18946497,case_HX369426,suspect
arrest_18949238,case_HX375307,suspect
arrest_18949255,case_HX375307,suspect
arrest_18919867,case_HX314661,suspect
arrest_18919882,case_HX314661,suspect
arrest_18919861,case_HX314661,suspect
arrest_18923606,case_HX322006,suspect
arrest_18923578,case_HX322006,suspect
arrest_18910506,case_HX294898,suspect
arrest_18910488,case_HX294898,suspect
arrest_18910508,case_HX294898,suspect
arrest_18910495,case_HX294898,suspect
arrest_18910503,case_HX294898,suspect
arrest_30040275,case_JE185359,suspect
arrest_30040278,case_JE185359,suspect
arrest_18932552,case_HX341185,suspect
arrest_18932590,case_HX341185,suspect
arrest_18937435,case_HX350894,suspect
arrest_18937429,case_HX350894,suspect
arrest_18934974,case_HX346070,suspect
arrest_18934969,case_HX346070,suspect
arrest_18943781,case_HX363893,suspect
arrest_18943803,case_HX363893,suspect
arrest_30063704,case_JE279375,suspect
arrest_30063703,case_JE279375,suspect
arrest_18921927,case_HX318781,suspect
arrest_18921910,case_HX318781,suspect
arrest_18913773,case_HX301900,suspect
arrest_18913760,case_HX301900,suspect
arrest_18913768,case_HX301900,suspect
arrest_18913049,case_HX300582,suspect
arrest_18913044,case_HX300582,suspect
arrest_18935468,case_HX346967,suspect
arrest_18935502,case_HX346967,suspect
arrest_18926557,case_HX328697,suspect
arrest_18926531,case_HX328697,suspect
arrest_18926593,case_HX328697,suspect
arrest_18926610,case_HX328697,suspect
arrest_18913570,case_HX301329,suspect
arrest_18913574,case_HX301329,suspect
arrest_30064041,case_JE280648,suspect
arrest_30064022,case_JE280648,suspect
arrest_18924266,case_HX323330,suspect
arrest_18924267,case_HX323330,suspect
arrest_18931612,case_HX338932,suspect
arrest_18931631,case_HX338932,suspect
arrest_18931622,case_HX338932,suspect
arrest_18934435,case_HX344981,suspect
arrest_18934426,case_HX344981,suspect
arrest_18933604,case_HX343189,suspect
arrest_18933601,case_HX343189,suspect
arrest_18919801,case_HX314595,suspect
arrest_18919802,case_HX314595,suspect
arrest_18907107,case_HX288283,suspect
arrest_18907126,case_HX288283,suspect
arrest_18907120,case_HX288283,suspect
arrest_18936049,case_HX344910,suspect
arrest_18936044,case_HX344910,suspect
arrest_18935942,case_HX344910,suspect
arrest_18945748,case_HX367903,suspect
arrest_18945745,case_HX367903,suspect
arrest_18918258,case_HX258289,suspect
arrest_18925074,case_HX258289,suspect
arrest_18908084,case_HX290255,suspect
arrest_18908083,case_HX290255,suspect
arrest_18949863,case_HX376377,suspect
arrest_18949934,case_HX376377,suspect
arrest_18946063,case_HX368649,suspect
arrest_18946068,case_HX368649,suspect
arrest_18946062,case_HX368649,suspect
arrest_18912696,case_HX299802,suspect
arrest_18912692,case_HX299802,suspect
arrest_18930009,case_HX335611,suspect
arrest_18929974,case_HX335611,suspect
arrest_18929994,case_HX335611,suspect
arrest_18929960,case_HX335615,suspect
arrest_18929934,case_HX335615,suspect
arrest_18945978,case_HW368446,suspect
arrest_18946008,case_HW368446,suspect
arrest_18946017,case_HW368446,suspect
arrest_18946000,case_HW368446,suspect
arrest_18948355,case_HX365940,suspect
arrest_18948353,case_HX365940,suspect
arrest_18932988,case_HX341837,suspect
arrest_18932983,case_HX341837,suspect
arrest_18915942,case_HX306533,suspect
arrest_18915921,case_HX306533,suspect
arrest_18918439,case_HX311835,suspect
arrest_18918419,case_HX311835,suspect
arrest_18908422,case_HX290759,suspect
arrest_18908413,case_HX290759,suspect
arrest_18945380,case_HX367218,suspect
arrest_18945374,case_HX367218,suspect
arrest_18907108,case_HX288236,suspect
arrest_18907109,case_HX288236,suspect
arrest_18914779,case_HX303924,suspect
arrest_18914778,case_HX303924,suspect
arrest_18905893,case_HX285658,suspect
arrest_18905851,case_HX285658,suspect
arrest_18905896,case_HX285658,suspect
arrest_18936859,case_HX349683,suspect
arrest_18936871,case_HX349683,suspect
arrest_18936866,case_HX349683,suspect
arrest_18932936,case_HX341717,suspect
arrest_18932935,case_HX341717,suspect
arrest_18908291,case_HX290428,suspect
arrest_18908272,case_HX290428,suspect
arrest_18920026,case_HX314717,suspect
arrest_18920084,case_HX314717,suspect
arrest_18909994,case_HX294047,suspect
arrest_18909981,case_HX294047,suspect
arrest_18910000,case_HX294047,suspect
arrest_18920017,case_HX314848,suspect
arrest_18920020,case_HX314848,suspect
arrest_18949681,case_HX375902,suspect
arrest_18949673,case_HX375902,suspect
arrest_18924642,case_HX324239,suspect
arrest_18924637,case_HX324239,suspect
arrest_18910316,case_HX294516,suspect
arrest_18910319,case_HX294516,suspect
arrest_18910318,case_HX294516,suspect
arrest_18911549,case_HX297041,suspect
arrest_18911515,case_HX297041,suspect
arrest_18909602,case_HX293172,suspect
arrest_18909587,case_HX293172,suspect
arrest_18944388,case_HX365133,suspect
arrest_18944396,case_HX365133,suspect
arrest_18944406,case_HX365133,suspect
arrest_18917623,case_HX310005,suspect
arrest_18917598,case_HX310005,suspect
arrest_18929256,case_HX334032,suspect
arrest_18929248,case_HX334032,suspect
arrest_18929281,case_HX334047,suspect
arrest_18929260,case_HX334047,suspect
arrest_30086302,case_JE389608,suspect
arrest_30086313,case_JE389608,suspect
arrest_30041392,case_JE189496,suspect
arrest_30041407,case_JE189496,suspect
arrest_18946484,case_HX369419,suspect
arrest_18946474,case_HX369419,suspect
arrest_18930588,case_HX337007,suspect
arrest_18930540,case_HX337007,suspect
arrest_18909250,case_HX292494,suspect
arrest_18909245,case_HX292494,suspect
arrest_18909808,case_HX293521,suspect
arrest_18909824,case_HX293521,suspect
arrest_18944365,case_HX365092,suspect
arrest_18944372,case_HX365092,suspect
arrest_18906793,case_HX287429,suspect
arrest_18921204,case_HX287429,suspect
arrest_18917355,case_HX309444,suspect
arrest_18917354,case_HX309444,suspect
arrest_18915212,case_HX304481,suspect
arrest_18915203,case_HX304481,suspect
arrest_30040567,case_JE186403,suspect
arrest_30040566,case_JE186403,suspect
arrest_30040563,case_JE186403,suspect
arrest_18906902,case_HX287593,suspect
arrest_18906890,case_HX287593,suspect
arrest_18909550,case_HX293084,suspect
arrest_18909567,case_HX293084,suspect
arrest_18915926,case_HX306558,suspect
arrest_18915924,case_HX306558,suspect
arrest_18915945,case_HX306558,suspect
arrest_18946121,case_HX368683,suspect
arrest_18946106,case_HX368683,suspect
arrest_18924768,case_HX324425,suspect
arrest_18924758,case_HX324425,suspect
arrest_18948282,case_HX372918,suspect
arrest_18948224,case_HX372918,suspect
arrest_18912058,case_HX298528,suspect
arrest_18912064,case_HX298528,suspect
arrest_18938615,case_HX353090,suspect
arrest_18938607,case_HX353090,suspect
arrest_18920406,case_HX315759,suspect
arrest_18920394,case_HX315759,suspect
arrest_18944492,case_HX365345,suspect
arrest_18944504,case_HX365345,suspect
arrest_18944499,case_HX365345,suspect
arrest_18934422,case_HX345022,suspect
arrest_18934430,case_HX345022,suspect
arrest_18947314,case_HX371040,suspect
arrest_18947302,case_HX371040,suspect
arrest_18944772,case_HX365953,suspect
arrest_18944762,case_HX365953,suspect
arrest_18926993,case_HX329457,suspect
arrest_18926967,case_HX329457,suspect
arrest_18930184,case_HX335954,suspect
arrest_18930183,case_HX335954,suspect
arrest_18944739,case_HX365916,suspect
arrest_18944733,case_HX365916,suspect
arrest_18947241,case_HX370764,suspect
arrest_18947245,case_HX370764,suspect
arrest_18925241,case_HX325550,suspect
arrest_18925251,case_HX325550,suspect
arrest_18908870,case_HX291695,suspect
arrest_18908879,case_HX291695,suspect
arrest_18908843,case_HX291695,suspect
arrest_18949287,case_HX375389,suspect
arrest_18949300,case_HX375389,suspect
arrest_18907922,case_HX289955,suspect
arrest_18907919,case_HX289955,suspect
arrest_18939092,case_HX354034,suspect
arrest_18939088,case_HX354034,suspect
arrest_18912197,case_HX298840,suspect
arrest_18912196,case_HX298840,suspect
arrest_18916473,case_HX307305,suspect
arrest_18916462,case_HX307305,suspect
arrest_18922513,case_HX320029,suspect
arrest_18922516,case_HX320029,suspect
arrest_18940175,case_HX356364,suspect
arrest_18940182,case_HX356364,suspect
arrest_18940179,case_HX356364,suspect
arrest_18942457,case_HX360741,suspect
arrest_18942449,case_HX360741,suspect
arrest_18932178,case_HX340097,suspect
arrest_18932161,case_HX340097,suspect
arrest_18925293,case_HX325714,suspect
arrest_18925294,case_HX325714,suspect
arrest_18925295,case_HX325714,suspect
arrest_18943180,case_HX362277,suspect
arrest_18943190,case_HX362277,suspect
arrest_18908914,case_HX291771,suspect
arrest_18908911,case_HX291771,suspect
arrest_18912149,case_HW481838,suspect
arrest_18913283,case_HW481838,suspect
arrest_18943990,case_HX364226,suspect
arrest_18943971,case_HX364226,suspect
arrest_30127064,case_JF178250,suspect
arrest_30127063,case_JF178250,suspect
arrest_18917701,case_HX275844,suspect
arrest_18917801,case_HX275844,suspect
arrest_18942583,case_HX361161,suspect
arrest_18942584,case_HX361161,suspect
arrest_18948870,case_HX374378,suspect
arrest_18948852,case_HX374378,suspect
arrest_18946288,case_HX368817,suspect
arrest_18946190,case_HX368817,suspect
arrest_18946213,case_HX368817,suspect
arrest_18937298,case_HX350657,suspect
arrest_18937319,case_HX350657,suspect
arrest_18916798,case_HX308209,suspect
arrest_18916802,case_HX308209,suspect
arrest_18926687,case_HX328897,suspect
arrest_18926666,case_HX328897,suspect
arrest_18944803,case_HX366003,suspect
arrest_18944789,case_HX366003,suspect
arrest_18935054,case_HX346282,suspect
arrest_18935059,case_HX346282,suspect
arrest_18935064,case_HX346282,suspect
arrest_18926155,case_HX327657,suspect
arrest_18926154,case_HX327657,suspect
arrest_18926153,case_HX327657,suspect
arrest_18907298,case_HX288323,suspect
arrest_18907321,case_HX288323,suspect
arrest_18907191,case_HX288323,suspect
arrest_18907249,case_HX288323,suspect
arrest_18907314,case_HX288323,suspect
arrest_18907325,case_HX288323,suspect
arrest_18907306,case_HX288323,suspect
arrest_18918836,case_HX312426,suspect
arrest_18918848,case_HX312426,suspect
arrest_18949527,case_HX375814,suspect
arrest_18949519,case_HX375814,suspect
arrest_18949530,case_HX375814,suspect
arrest_18916140,case_HX306797,suspect
arrest_18916139,case_HX306797,suspect
arrest_18916589,case_HX307954,suspect
arrest_18916593,case_HX307954,suspect
arrest_18924896,case_HX324551,suspect
arrest_18924865,case_HX324551,suspect
arrest_18914356,case_HX303100,suspect
arrest_18914379,case_HX303100,suspect
arrest_18914375,case_HX303100,suspect
arrest_18932063,case_HX339964,suspect
arrest_18932081,case_HX339964,suspect
arrest_18932396,case_HX340631,suspect
arrest_18932377,case_HX340631,suspect
arrest_18932384,case_HX340631,suspect
arrest_18915363,case_HX250009,suspect
arrest_18914532,case_HX250009,suspect
arrest_18945855,case_HX368160,suspect
arrest_18945852,case_HX368160,suspect
arrest_18919308,case_HX123456,suspect
arrest_18942622,case_HX123456,suspect
arrest_18949113,case_HX123456,suspect
arrest_18944863,case_HX123456,suspect
arrest_18948480,case_HX373405,suspect
arrest_18948473,case_HX373405,suspect
arrest_18919019,case_HX312917,suspect
arrest_18919016,case_HX312917,suspect
arrest_18919020,case_HX312917,suspect
arrest_18914448,case_HX303387,suspect
arrest_18914446,case_HX303387,suspect
arrest_18930992,case_HX337790,suspect
arrest_18931001,case_HX337790,suspect
arrest_18931006,case_HX337790,suspect
arrest_18938032,case_HX352060,suspect
arrest_18938028,case_HX352060,suspect
arrest_30040065,case_JE184751,suspect
arrest_30040071,case_JE184751,suspect
arrest_18915810,case_HX306362,suspect
arrest_18915830,case_HX306362,suspect
arrest_18934701,case_HX345493,suspect
arrest_18934703,case_HX345493,suspect
arrest_18934720,case_HX345493,suspect
arrest_18943229,case_HX362382,suspect
arrest_18943233,case_HX362382,suspect
arrest_18919704,case_HX314298,suspect
arrest_18919695,case_HX314298,suspect
arrest_18919708,case_HX314298,suspect
arrest_18926378,case_HX328278,suspect
arrest_18926386,case_HX328278,suspect
arrest_18908858,case_HX291688,suspect
arrest_18908866,case_HX291688,suspect
arrest_18946005,case_HX368504,suspect
arrest_18946016,case_HX368504,suspect
arrest_18936631,case_HX349327,suspect
arrest_18936536,case_HX349327,suspect
arrest_18925123,case_HX325197,suspect
arrest_18925122,case_HX325197,suspect
arrest_18942113,case_HX360389,suspect
arrest_18942118,case_HX360389,suspect
arrest_18939492,case_HX354845,suspect
arrest_18939450,case_HX354845,suspect
arrest_18939505,case_HX354845,suspect
arrest_18911511,case_HX297208,suspect
arrest_18911514,case_HX297208,suspect
arrest_18927809,case_HX331086,suspect
arrest_18927802,case_HX331086,suspect
arrest_19704382,case_JB440031,suspect
arrest_19704383,case_JB440031,suspect
arrest_19704364,case_JB440031,suspect
arrest_18941924,case_HX360044,suspect
arrest_18941923,case_HX360044,suspect
arrest_18916222,case_HX307009,suspect
arrest_18916298,case_HX307009,suspect
arrest_18924534,case_HX323965,suspect
arrest_18924526,case_HX323965,suspect
arrest_18936636,case_HX346745,suspect
arrest_18935367,case_HX346745,suspect
arrest_18906973,case_HX287928,suspect
arrest_18906993,case_HX287928,suspect
arrest_18915620,case_HX305845,suspect
arrest_18915635,case_HX305845,suspect
arrest_18926771,case_HX329021,suspect
arrest_18926800,case_HX329021,suspect
arrest_18926796,case_HX329021,suspect
arrest_18926789,case_HX329021,suspect
arrest_18909577,case_HX293035,suspect
arrest_18909519,case_HX293035,suspect
arrest_18909509,case_HX293035,suspect
arrest_18942341,case_HX360636,suspect
arrest_18942349,case_HX360636,suspect
arrest_18927530,case_HX330486,suspect
arrest_18927491,case_HX330486,suspect
arrest_18915000,case_HX304485,suspect
arrest_18915004,case_HX304485,suspect
arrest_18914995,case_HX304485,suspect
arrest_18919528,case_HX313851,suspect
arrest_18919526,case_HX313851,suspect
arrest_18919533,case_HX313851,suspect
arrest_18919532,case_HX313851,suspect
arrest_18946828,case_HX370063,suspect
arrest_18946816,case_HX370063,suspect
arrest_18946822,case_HX370063,suspect
arrest_18935615,case_HX347387,suspect
arrest_18935600,case_HX347387,suspect
arrest_18935609,case_HX347387,suspect
arrest_18946291,case_HX368757,suspect
arrest_18946268,case_HX368757,suspect
arrest_18921655,case_HX318284,suspect
arrest_18921656,case_HX318284,suspect
arrest_18946627,case_HX369781,suspect
arrest_18946629,case_HX369781,suspect
arrest_18914635,case_HX303737,suspect
arrest_18914660,case_HX303737,suspect
arrest_18907749,case_HX289572,suspect
arrest_18907752,case_HX289572,suspect
arrest_18930201,case_HX335931,suspect
arrest_18930193,case_HX335931,suspect
arrest_30108149,case_JE494183,suspect
arrest_30108166,case_JE494183,suspect
arrest_18926045,case_HX327376,suspect
arrest_18929018,case_HX327376,suspect
arrest_18921721,case_HX318390,suspect
arrest_18921712,case_HX318390,suspect
arrest_18921705,case_HX318390,suspect
arrest_18921711,case_HX318390,suspect
arrest_18931647,case_HX338914,suspect
arrest_18931638,case_HX338914,suspect
arrest_18906527,case_HX287175,suspect
arrest_18906540,case_HX287175,suspect
arrest_30040556,case_JE185964,suspect
arrest_30040534,case_JE185964,suspect
arrest_30040503,case_JE185964,suspect
arrest_30040499,case_JE185964,suspect
arrest_30040521,case_JE185964,suspect
arrest_30040575,case_JE185964,suspect
arrest_30040536,case_JE185964,suspect
arrest_30040544,case_JE185964,suspect
arrest_30040484,case_JE185964,suspect
arrest_30040535,case_JE185964,suspect
arrest_30040530,case_JE185964,suspect
arrest_30040841,case_JE185964,suspect
arrest_18919824,case_HX314641,suspect
arrest_18919816,case_HX314641,suspect
arrest_18936551,case_HX349224,suspect
arrest_18936552,case_HX349224,suspect
arrest_18946457,case_HX369324,suspect
arrest_18946455,case_HX369324,suspect
arrest_18917962,case_HX310658,suspect
arrest_18917904,case_HX310658,suspect
arrest_18917947,case_HX310658,suspect
arrest_18917967,case_HX310658,suspect
arrest_30041296,case_JE187882,suspect
arrest_30041280,case_JE187882,suspect
arrest_30040133,case_JE184876,suspect
arrest_30040134,case_JE184876,suspect
arrest_18920812,case_HX316425,suspect
arrest_18920815,case_HX316425,suspect
arrest_18926776,case_HX329034,suspect
arrest_18926784,case_HX329034,suspect
arrest_18942057,case_HX360259,suspect
arrest_18942064,case_HX360259,suspect
arrest_18913649,case_HX301715,suspect
arrest_18913644,case_HX301715,suspect
arrest_18913652,case_HX301715,suspect
arrest_18913636,case_HX301715,suspect
arrest_18923455,case_HX321874,suspect
arrest_18923448,case_HX321874,suspect
arrest_30042019,case_JE191754,suspect
arrest_30042002,case_JE191754,suspect
arrest_18947133,case_HX370503,suspect
arrest_18947158,case_HX370503,suspect
arrest_18947544,case_HX371562,suspect
arrest_18947540,case_HX371562,suspect
arrest_30041158,case_JE188667,suspect
arrest_30041160,case_JE188667,suspect
arrest_18918622,case_HX312167,suspect
arrest_18918620,case_HX312167,suspect
arrest_18922288,case_HX319431,suspect
arrest_18922286,case_HX319431,suspect
arrest_18947744,case_HX371803,suspect
arrest_18947747,case_HX371803,suspect
arrest_18949691,case_HX376008,suspect
arrest_18949678,case_HX376008,suspect
arrest_18944369,case_HX342608,suspect
arrest_18933267,case_HX342608,suspect
arrest_18932826,case_HX341569,suspect
arrest_18932850,case_HX341569,suspect
arrest_18923414,case_HX321782,suspect
arrest_18923431,case_HX321782,suspect
arrest_18923437,case_HX321797,suspect
arrest_18923461,case_HX321797,suspect
arrest_18938544,case_HX352981,suspect
arrest_18938581,case_HX352981,suspect
arrest_18912386,case_HX299241,suspect
arrest_18912433,case_HX299241,suspect
arrest_18922395,case_HX319918,suspect
arrest_18922382,case_HX319918,suspect
arrest_18931936,case_HX339658,suspect
arrest_18931937,case_HX339658,suspect
arrest_18931938,case_HX339658,suspect
arrest_18939503,case_HX354657,suspect
arrest_18939442,case_HX354657,suspect
arrest_18912495,case_HX299555,suspect
arrest_18912507,case_HX299555,suspect
arrest_18907401,case_HX288912,suspect
arrest_18907407,case_HX288912,suspect
arrest_18907418,case_HX288912,suspect
arrest_18934446,case_HX345009,suspect
arrest_18934461,case_HX345009,suspect
arrest_18912409,case_HX299350,suspect
arrest_18912416,case_HX299350,suspect
arrest_18912413,case_HX299350,suspect
arrest_18915246,case_HX305037,suspect
arrest_18915260,case_HX305037,suspect
arrest_18906904,case_HX287594,suspect
arrest_18906887,case_HX287594,suspect
arrest_18920681,case_HX316240,suspect
arrest_18920665,case_HX316240,suspect
arrest_18912700,case_HX299807,suspect
arrest_18912687,case_HX299807,suspect
arrest_18917177,case_HX309169,suspect
arrest_18917187,case_HX309169,suspect
arrest_18928259,case_HX331787,suspect
arrest_18928267,case_HX331787,suspect
arrest_18928256,case_HX331787,suspect
arrest_18945607,case_HX367502,suspect
arrest_18945598,case_HX367502,suspect
arrest_18934946,case_HX345980,suspect
arrest_18934947,case_HX345980,suspect
arrest_18934945,case_HX345980,suspect
arrest_18920714,case_HX316273,suspect
arrest_18920686,case_HX316273,suspect
arrest_18922694,case_HX320250,suspect
arrest_18922698,case_HX320250,suspect
arrest_18922706,case_HX320250,suspect
arrest_18922424,case_HX319851,suspect
arrest_18922433,case_HX319851,suspect
arrest_18922436,case_HX319851,suspect
arrest_18935057,case_HX345985,suspect
arrest_18935038,case_HX345985,suspect
arrest_18934548,case_HX345330,suspect
arrest_18934553,case_HX345330,suspect
arrest_18914641,case_HX303718,suspect
arrest_18914636,case_HX303718,suspect
arrest_18914624,case_HX303718,suspect
arrest_18914613,case_HX303718,suspect
arrest_18914629,case_HX303718,suspect
arrest_18914619,case_HX303718,suspect
arrest_18914637,case_HX303718,suspect
arrest_18914632,case_HX303718,suspect
arrest_18914661,case_HX303718,suspect
arrest_18914628,case_HX303718,suspect
arrest_18911958,case_HX298222,suspect
arrest_18911943,case_HX298222,suspect
arrest_30040552,case_JE186281,suspect
arrest_30040548,case_JE186281,suspect
arrest_18926600,case_HX328714,suspect
arrest_18926574,case_HX328714,suspect
arrest_30052579,case_JE232843,suspect
arrest_30052583,case_JE232843,suspect
arrest_18913153,case_HX300780,suspect
arrest_18913150,case_HX300780,suspect
arrest_18913142,case_HX300780,suspect
arrest_18929412,case_HX334247,suspect
arrest_18929408,case_HX334247,suspect
arrest_18929404,case_HX334247,suspect
arrest_18910535,case_HX294937,suspect
arrest_18910566,case_HX294937,suspect
arrest_18939436,case_HX354824,suspect
arrest_18939452,case_HX354824,suspect
arrest_18931253,case_HX338318,suspect
arrest_18931255,case_HX338318,suspect
arrest_18945414,case_HX367293,suspect
arrest_18945402,case_HX367293,suspect
arrest_18940143,case_HX356330,suspect
arrest_18940140,case_HX356330,suspect
arrest_18948905,case_HX374452,suspect
arrest_18948917,case_HX374452,suspect
arrest_18947879,case_HX372134,suspect
arrest_18947880,case_HX372134,suspect
arrest_18947878,case_HX372134,suspect
arrest_18922296,case_HX319530,suspect
arrest_18922301,case_HX319530,suspect
arrest_18923159,case_HX321309,suspect
arrest_18923142,case_HX321309,suspect
arrest_18949285,case_HX375394,suspect
arrest_18949294,case_HX375394,suspect
arrest_18924036,case_HX322995,suspect
arrest_18924031,case_HX322995,suspect
arrest_18914405,case_HX303218,suspect
arrest_18914404,case_HX303218,suspect
arrest_18945799,case_HX368032,suspect
arrest_18945806,case_HX368032,suspect
arrest_18927986,case_HX331432,suspect
arrest_18927968,case_HX331432,suspect
arrest_18929887,case_HX335585,suspect
arrest_18929982,case_HX335585,suspect
arrest_18927741,case_HX330880,suspect
arrest_18927714,case_HX330880,suspect
arrest_18936761,case_HX349544,suspect
arrest_18936744,case_HX349544,suspect
arrest_18936765,case_HX349544,suspect
arrest_18920283,case_HX315464,suspect
arrest_18920286,case_HX315464,suspect
arrest_18920273,case_HX315464,suspect
arrest_18920293,case_HX315464,suspect
arrest_18917278,case_HX309351,suspect
arrest_18917262,case_HX309351,suspect
arrest_18918554,case_HX312092,suspect
arrest_18918563,case_HX312092,suspect
arrest_18918589,case_HX312092,suspect
arrest_18949997,case_HX376882,suspect
arrest_18950023,case_HX376882,suspect
arrest_18950010,case_HX376882,suspect
arrest_18944494,case_HX365400,suspect
arrest_18944510,case_HX365400,suspect
arrest_18906556,case_HX287243,suspect
arrest_18906585,case_HX287243,suspect
arrest_18935597,case_HX347466,suspect
arrest_18935647,case_HX347466,suspect
arrest_18931781,case_HX339432,suspect
arrest_18931797,case_HX339432,suspect
arrest_18929127,case_HX333714,suspect
arrest_18929122,case_HX333714,suspect
arrest_18937075,case_HX350110,suspect
arrest_18937099,case_HX350110,suspect
arrest_18926437,case_HX327719,suspect
arrest_18926415,case_HX327719,suspect
arrest_18905726,case_HX285419,suspect
arrest_18905747,case_HX285419,suspect
arrest_18905736,case_HX285419,suspect
arrest_18921761,case_HX318597,suspect
arrest_18921803,case_HX318597,suspect
arrest_18940601,case_HX357044,suspect
arrest_18940558,case_HX357044,suspect
arrest_18912958,case_HX300364,suspect
arrest_18913010,case_HX300364,suspect
arrest_18925011,case_HX324788,suspect
arrest_18925006,case_HX324788,suspect
arrest_18925016,case_HX324788,suspect
arrest_18925015,case_HX324788,suspect
arrest_18909933,case_HX293896,suspect
arrest_18909929,case_HX293896,suspect
arrest_18923370,case_HX321781,suspect
arrest_18923384,case_HX321781,suspect
arrest_18922447,case_HX319876,suspect
arrest_18922439,case_HX319876,suspect
arrest_18922443,case_HX319876,suspect
arrest_18919627,case_HX314142,suspect
arrest_18919621,case_HX314142,suspect
arrest_18949878,case_HX376392,suspect
arrest_18949873,case_HX376392,suspect
arrest_18929588,case_HX334684,suspect
arrest_18929607,case_HX334684,suspect
arrest_18913369,case_HX301109,suspect
arrest_18913377,case_HX301109,suspect
arrest_18913173,case_HX300874,suspect
arrest_18913226,case_HX300874,suspect
arrest_18913151,case_HX300874,suspect
arrest_30086496,case_JE374152,suspect
arrest_30086488,case_JE374152,suspect
arrest_30086478,case_JE374152,suspect
arrest_18929892,case_HX335544,suspect
arrest_18929890,case_HX335544,suspect
arrest_18938062,case_HX352025,suspect
arrest_18938034,case_HX352025,suspect
arrest_18938066,case_HX352025,suspect
arrest_18908656,case_HX291350,suspect
arrest_18908670,case_HX291350,suspect
arrest_18908667,case_HX291350,suspect
arrest_18923087,case_HX321184,suspect
arrest_18923076,case_HX321184,suspect
arrest_18923089,case_HX321184,suspect
arrest_18917950,case_HX310651,suspect
arrest_18917900,case_HX310651,suspect
arrest_18916782,case_HX308168,suspect
arrest_18916779,case_HX308168,suspect
arrest_18940974,case_HX357773,suspect
arrest_18940970,case_HX357773,suspect
arrest_18914196,case_HX302698,suspect
arrest_18914190,case_HX302698,suspect
arrest_18906670,case_HX287322,suspect
arrest_18906679,case_HX287322,suspect
arrest_18906658,case_HX287322,suspect
arrest_18920694,case_HX316276,suspect
arrest_18920709,case_HX316276,suspect
arrest_18926736,case_HX328972,suspect
arrest_18926740,case_HX328972,suspect
arrest_18941541,case_HX359171,suspect
arrest_18941548,case_HX359171,suspect
arrest_18941523,case_HX359171,suspect
arrest_18937883,case_HX351691,suspect
arrest_18937885,case_HX351691,suspect
arrest_18940538,case_HX357137,suspect
arrest_18940557,case_HX357137,suspect
arrest_18912778,case_HX299796,suspect
arrest_18912716,case_HX299796,suspect
arrest_18915193,case_HW304960,suspect
arrest_18915200,case_HW304960,suspect
arrest_18942203,case_HX360487,suspect
arrest_18942200,case_HX360487,suspect
arrest_18926958,case_HX329351,suspect
arrest_18926925,case_HX329351,suspect
arrest_18938734,case_HX353336,suspect
arrest_18938752,case_HX353336,suspect
arrest_18918720,case_HX312292,suspect
arrest_18918718,case_HX312292,suspect
arrest_18918723,case_HX312292,suspect
arrest_18931057,case_HX337854,suspect
arrest_18931064,case_HX337854,suspect
arrest_18910264,case_HX294406,suspect
arrest_18910260,case_HX294406,suspect
arrest_18943247,case_HX362456,suspect
arrest_18943252,case_HX362456,suspect
arrest_18912339,case_HX299134,suspect
arrest_18912363,case_HX299134,suspect
arrest_18914700,case_HX303817,suspect
arrest_18914712,case_HX303817,suspect
arrest_18914708,case_HX303817,suspect
arrest_18914683,case_HX303817,suspect
arrest_18914702,case_HX303817,suspect
arrest_18907453,case_HX288990,suspect
arrest_18907504,case_HX288990,suspect
arrest_18913929,case_HX302320,suspect
arrest_18913952,case_HX302320,suspect
arrest_18921778,case_HX318459,suspect
arrest_18921748,case_HX318459,suspect
arrest_18921710,case_HX318459,suspect
arrest_30041621,case_JE190266,suspect
arrest_30041627,case_JE190266,suspect
arrest_18947815,case_HX371920,suspect
arrest_18947814,case_HX371920,suspect
arrest_18920088,case_HX314949,suspect
arrest_18920097,case_HX314949,suspect
arrest_18906857,case_HX287556,suspect
arrest_18906867,case_HX287556,suspect
arrest_18931172,case_HX326504,suspect
arrest_18931184,case_HX326504,suspect
arrest_18934893,case_HX345892,suspect
arrest_18934889,case_HX345892,suspect
arrest_18905809,case_HX285536,suspect
arrest_18905801,case_HX285536,suspect
arrest_18905791,case_HX285536,suspect
arrest_18905804,case_HX285536,suspect
arrest_18920552,case_HX316114,suspect
arrest_18920555,case_HX316114,suspect
arrest_18920647,case_HX315937,suspect
arrest_18920623,case_HX315937,suspect
arrest_18928517,case_HX332552,suspect
arrest_18928523,case_HX332552,suspect
arrest_18938104,case_HX351818,suspect
arrest_18938188,case_HX351818,suspect
arrest_18949914,case_HX376630,suspect
arrest_18949904,case_HX376630,suspect
arrest_18923165,case_HX320948,suspect
arrest_18923099,case_HX320948,suspect
arrest_30086291,case_JE389545,suspect
arrest_30086286,case_JE389545,suspect
arrest_18926872,case_HX329154,suspect
arrest_18926870,case_HX329154,suspect
arrest_18911358,case_HX296985,suspect
arrest_18911347,case_HX296985,suspect
arrest_18911363,case_HX296985,suspect
arrest_18911373,case_HX296985,suspect
arrest_18920354,case_HX315639,suspect
arrest_18920369,case_HX315639,suspect
arrest_18930372,case_HX332295,suspect
arrest_18930344,case_HX332295,suspect
arrest_18932456,case_HX340789,suspect
arrest_18932466,case_HX340789,suspect
arrest_18919905,case_HX314652,suspect
arrest_18919928,case_HX314652,suspect
arrest_18937493,case_HX350901,suspect
arrest_18937502,case_HX350901,suspect
arrest_18937468,case_HX350901,suspect
arrest_18937439,case_HX350901,suspect
arrest_18937515,case_HX350901,suspect
arrest_18937482,case_HX350901,suspect
arrest_18937535,case_HX350901,suspect
arrest_18913206,case_HX300746,suspect
arrest_18913193,case_HX300746,suspect
arrest_18913227,case_HX300746,suspect
arrest_18931191,case_HX337783,suspect
arrest_18931198,case_HX337783,suspect
arrest_18930411,case_HX336626,suspect
arrest_18930396,case_HX336626,suspect
arrest_18933465,case_HX342930,suspect
arrest_18933467,case_HX342930,suspect
arrest_18910635,case_HX295257,suspect
arrest_18910630,case_HX295257,suspect
arrest_18909476,case_HX293011,suspect
arrest_18909471,case_HX293011,suspect
arrest_18909474,case_HX293011,suspect
arrest_18927182,case_HX303228,suspect
arrest_18927258,case_HX303228,suspect
arrest_18937322,case_HX350775,suspect
arrest_18939512,case_HX350775,suspect
arrest_18938204,case_HX352261,suspect
arrest_18938207,case_HX352261,suspect
arrest_18912297,case_HX299121,suspect
arrest_18912288,case_HX299121,suspect
arrest_18926566,case_HX328674,suspect
arrest_18926530,case_HX328674,suspect
arrest_18926559,case_HX328674,suspect
arrest_30040229,case_JE185195,suspect
arrest_30040230,case_JE185195,suspect
arrest_18949499,case_HX375777,suspect
arrest_18949494,case_HX375777,suspect
arrest_18935527,case_HX347301,suspect
arrest_18935538,case_HX347301,suspect
arrest_18935542,case_HX347301,suspect
arrest_18929963,case_HX335484,suspect
arrest_18929979,case_HX335484,suspect
arrest_18924648,case_HX324226,suspect
arrest_18924667,case_HX324226,suspect
arrest_18907180,case_HX288338,suspect
arrest_18907140,case_HX288338,suspect
arrest_18949072,case_HX374774,suspect
arrest_18949064,case_HX374774,suspect
arrest_30063338,case_JE277466,suspect
arrest_30063569,case_JE277466,suspect
arrest_18945247,case_HX366983,suspect
arrest_18945241,case_HX366983,suspect
arrest_18939988,case_HX356104,suspect
arrest_18939990,case_HX356104,suspect
arrest_18942617,case_HX361283,suspect
arrest_18942629,case_HX361283,suspect
arrest_18942619,case_HX361283,suspect
arrest_18912401,case_HX299109,suspect
arrest_18912376,case_HX299109,suspect
arrest_18912309,case_HX299109,suspect
arrest_18909951,case_HX293921,suspect
arrest_18909953,case_HX293921,suspect
arrest_18922566,case_HX320206,suspect
arrest_18922568,case_HX320206,suspect
arrest_18922574,case_HX320206,suspect
arrest_18946904,case_HX370222,suspect
arrest_18946897,case_HX370222,suspect
arrest_18926860,case_HX329106,suspect
arrest_18926858,case_HX329106,suspect
arrest_18914608,case_HX303710,suspect
arrest_18914640,case_HX303710,suspect
arrest_18947560,case_HX371499,suspect
arrest_18947556,case_HX371499,suspect
arrest_18949359,case_HX375550,suspect
arrest_18949351,case_HX375550,suspect
arrest_18918239,case_HX311281,suspect
arrest_18918274,case_HX311281,suspect
arrest_18918233,case_HX311281,suspect
arrest_18942906,case_HX361788,suspect
arrest_18942861,case_HX361788,suspect
arrest_18946408,case_HX369231,suspect
arrest_18946422,case_HX369231,suspect
arrest_18920031,case_HX310961,suspect
arrest_18920000,case_HX310961,suspect
arrest_18915470,case_HX305332,suspect
arrest_18915525,case_HX305332,suspect
arrest_18921045,case_HX371080,suspect
arrest_18921047,case_HX371080,suspect
arrest_18941099,case_HX357984,suspect
arrest_18941250,case_HX357984,suspect
arrest_18945373,case_HX367243,suspect
arrest_18945504,case_HX367243,suspect
arrest_18935933,case_HX348060,suspect
arrest_18935934,case_HX348060,suspect
arrest_18908280,case_HX290456,suspect
arrest_18908289,case_HX290456,suspect
arrest_18908286,case_HX290456,suspect
arrest_18914182,case_HX302601,suspect
arrest_18914136,case_HX302601,suspect
arrest_18914181,case_HX302601,suspect
arrest_18914157,case_HX302601,suspect
arrest_18941197,case_HX358513,suspect
arrest_18941225,case_HX358513,suspect
arrest_30041770,case_JE190783,suspect
arrest_30041772,case_JE190783,suspect
arrest_18932742,case_HX341432,suspect
arrest_18932746,case_HX341432,suspect
arrest_18908915,case_HX291672,suspect
arrest_18908894,case_HX291672,suspect
arrest_30040263,case_JE185317,suspect
arrest_30040264,case_JE185317,suspect
arrest_18914948,case_HX304242,suspect
arrest_18914946,case_HX304242,suspect
arrest_18913763,case_HX301926,suspect
arrest_18913751,case_HX301926,suspect
arrest_18924695,case_HX324358,suspect
arrest_18924686,case_HX324358,suspect
arrest_30086231,case_JE389136,suspect
arrest_30086215,case_JE389136,suspect
arrest_30086235,case_JE389136,suspect
arrest_18943565,case_HX363200,suspect
arrest_18943570,case_HX363200,suspect
arrest_18943557,case_HX363200,suspect
arrest_18944126,case_HX364594,suspect
arrest_18944121,case_HX364594,suspect
arrest_18914562,case_HX303636,suspect
arrest_18914571,case_HX303636,suspect
arrest_18939062,case_HX353944,suspect
arrest_18939065,case_HX353944,suspect
arrest_18932697,case_HX341380,suspect
arrest_18932691,case_HX341380,suspect
arrest_18932701,case_HX341380,suspect
arrest_30041502,case_JE189868,suspect
arrest_30041499,case_JE189868,suspect
arrest_18918691,case_HX312200,suspect
arrest_18918666,case_HX312200,suspect
arrest_18918631,case_HX312200,suspect
arrest_18918683,case_HX312200,suspect
arrest_18918672,case_HX312200,suspect
arrest_18926196,case_HX317778,suspect
arrest_18923865,case_HX317778,suspect
arrest_18939192,case_HX354317,suspect
arrest_18939184,case_HX354317,suspect
arrest_30064005,case_JE280625,suspect
arrest_30064006,case_JE280625,suspect
arrest_18942794,case_HX361641,suspect
arrest_18942797,case_HX361641,suspect
arrest_18913480,case_HX301275,suspect
arrest_18913502,case_HX301275,suspect
arrest_18913497,case_HX301275,suspect
arrest_18935918,case_HX347879,suspect
arrest_18935881,case_HX347879,suspect
arrest_18916897,case_HX308326,suspect
arrest_18916875,case_HX308326,suspect
arrest_18909419,case_HX292805,suspect
arrest_18909473,case_HX292805,suspect
arrest_18942376,case_HX360662,suspect
arrest_18942367,case_HX360662,suspect
arrest_18942381,case_HX360662,suspect
arrest_18946808,case_HX370077,suspect
arrest_18946772,case_HX370077,suspect
arrest_18946787,case_HX370077,suspect
arrest_18918454,case_HX311890,suspect
arrest_18918451,case_HX311890,suspect
arrest_18950179,case_HX377133,suspect
arrest_18950240,case_HX377133,suspect
arrest_18950159,case_HX377133,suspect
arrest_18909942,case_HX293882,suspect
arrest_18909938,case_HX293882,suspect
arrest_18909928,case_HX293882,suspect
arrest_18909400,case_HX292881,suspect
arrest_18909439,case_HX292881,suspect
arrest_18946924,case_HX370254,suspect
arrest_18946931,case_HX370254,suspect
arrest_18946916,case_HX370254,suspect
arrest_18946934,case_HX370254,suspect
arrest_18948178,case_HX372891,suspect
arrest_18948177,case_HX372891,suspect
arrest_30108192,case_JE494372,suspect
arrest_30108195,case_JE494372,suspect
arrest_18929474,case_HX334185,suspect
arrest_18929360,case_HX334185,suspect
arrest_18929850,case_HX335465,suspect
arrest_18929851,case_HX335465,suspect
arrest_18929852,case_HX335465,suspect
arrest_18932921,case_HX341710,suspect
arrest_18932937,case_HX341710,suspect
arrest_18906133,case_HX285750,suspect
arrest_18906142,case_HX285750,suspect
arrest_18947114,case_HX370456,suspect
arrest_18947146,case_HX370456,suspect
arrest_18920508,case_HX315982,suspect
arrest_18920502,case_HX315982,suspect
arrest_18941819,case_HX359717,suspect
arrest_18941809,case_HX359717,suspect
arrest_18943709,case_HX363401,suspect
arrest_18943705,case_HX363401,suspect
arrest_18914147,case_HX302600,suspect
arrest_18914107,case_HX302600,suspect
arrest_18923071,case_HX321087,suspect
arrest_18923036,case_HX321087,suspect
arrest_18923072,case_HX321087,suspect
arrest_18923084,case_HX321087,suspect
arrest_18923070,case_HX321087,suspect
arrest_18937819,case_HX338976,suspect
arrest_18937445,case_HX338976,suspect
arrest_18915063,case_HX303644,suspect
arrest_18915057,case_HX303644,suspect
arrest_18914755,case_HX303917,suspect
arrest_18914759,case_HX303917,suspect
arrest_18942633,case_HX361313,suspect
arrest_18942608,case_HX361313,suspect
arrest_18922362,case_HX319661,suspect
arrest_18922355,case_HX319661,suspect
arrest_18929188,case_HX333873,suspect
arrest_18929170,case_HX333873,suspect
arrest_18913949,case_HX302342,suspect
arrest_18913925,case_HX302342,suspect
arrest_18913968,case_HX302342,suspect
arrest_18913959,case_HX302342,suspect
arrest_18913905,case_HX302342,suspect
arrest_18919697,case_HX314352,suspect
arrest_18919690,case_HX314352,suspect
arrest_18938318,case_HX352243,suspect
arrest_18938324,case_HX352243,suspect
arrest_18939965,case_HX356057,suspect
arrest_18939942,case_HX356057,suspect
arrest_18943292,case_HX362592,suspect
arrest_18943294,case_HX362592,suspect
arrest_18912740,case_HX299732,suspect
arrest_18912693,case_HX299732,suspect
arrest_30040073,case_JE184641,suspect
arrest_30040047,case_JE184641,suspect
arrest_18910552,case_HX295112,suspect
arrest_18910550,case_HX295112,suspect
arrest_18924614,case_HX324236,suspect
arrest_18924645,case_HX324236,suspect
arrest_18911692,case_HX297608,suspect
arrest_18911691,case_HX297608,suspect
arrest_18923371,case_HX321728,suspect
arrest_18923422,case_HX321728,suspect
arrest_18923390,case_HX321728,suspect
arrest_18933313,case_HX342663,suspect
arrest_18933293,case_HX342663,suspect
arrest_18933287,case_HX342663,suspect
arrest_18931316,case_HX338452,suspect
arrest_18931296,case_HX338452,suspect
arrest_18948120,case_HX372806,suspect
arrest_18948129,case_HX372806,suspect
arrest_18908101,case_HX290288,suspect
arrest_18908091,case_HX290288,suspect
arrest_30127104,case_JF178361,suspect
arrest_30127103,case_JF178361,suspect
arrest_18945567,case_HX367426,suspect
arrest_18945564,case_HX367426,suspect
arrest_18945568,case_HX367426,suspect
arrest_18909632,case_HX293211,suspect
arrest_18909619,case_HX293211,suspect
arrest_18928723,case_HX332864,suspect
arrest_18928759,case_HX332864,suspect
arrest_18928746,case_HX332864,suspect
arrest_18928695,case_HX332864,suspect
arrest_18928751,case_HX332864,suspect
arrest_18916620,case_HX308006,suspect
arrest_18916613,case_HX308006,suspect
arrest_18912176,case_HX298879,suspect
arrest_18912187,case_HX298879,suspect
arrest_18912182,case_HX298879,suspect
arrest_18932600,case_HX341263,suspect
arrest_18932580,case_HX341263,suspect
arrest_18921901,case_HX318888,suspect
arrest_18921940,case_HX318888,suspect
arrest_30040895,case_JE187618,suspect
arrest_30040891,case_JE187618,suspect
arrest_18945154,case_HX366761,suspect
arrest_18945150,case_HX366761,suspect
arrest_30063675,case_JE279046,suspect
arrest_30063671,case_JE279046,suspect
arrest_18939580,case_HX355039,suspect
arrest_18939579,case_HX355039,suspect
arrest_18937516,case_HX350976,suspect
arrest_18937534,case_HX350976,suspect
arrest_18915651,case_HX305919,suspect
arrest_18915653,case_HX305919,suspect
arrest_18915649,case_HX305919,suspect
arrest_18920262,case_HX315348,suspect
arrest_18920266,case_HX315348,suspect
arrest_18906006,case_HX285828,suspect
arrest_18905974,case_HX285828,suspect
arrest_18942945,case_HX361746,suspect
arrest_18942919,case_HX361746,suspect
arrest_18942958,case_HX361746,suspect
arrest_18942948,case_HX361746,suspect
arrest_18942910,case_HX361746,suspect
arrest_18942947,case_HX361746,suspect
arrest_18929845,case_HX335337,suspect
arrest_18929889,case_HX335337,suspect
arrest_18945738,case_HX367828,suspect
arrest_18945747,case_HX367828,suspect
arrest_18912606,case_HX299680,suspect
arrest_18912577,case_HX299680,suspect
arrest_18927653,case_HX330690,suspect
arrest_18927678,case_HX330690,suspect
arrest_18927665,case_HX330690,suspect
arrest_18938023,case_HX352001,suspect
arrest_18938037,case_HX352001,suspect
arrest_18921668,case_HX318371,suspect
arrest_18921688,case_HX318371,suspect
arrest_18926700,case_HX328926,suspect
arrest_18926698,case_HX328926,suspect
arrest_18948869,case_HX374409,suspect
arrest_18948873,case_HX374409,suspect
arrest_18915237,case_HX304996,suspect
arrest_18915245,case_HX304996,suspect
arrest_18910366,case_HX294634,suspect
arrest_18910385,case_HX294634,suspect
arrest_18919073,case_HX313082,suspect
arrest_18919074,case_HX313082,suspect
arrest_30041728,case_JE190757,suspect
arrest_30041747,case_JE190757,suspect
arrest_18944145,case_HX364632,suspect
arrest_18944190,case_HX364632,suspect
arrest_18911116,case_HX296338,suspect
arrest_18911115,case_HX296338,suspect
arrest_18945114,case_HX366675,suspect
arrest_18945109,case_HX366675,suspect
arrest_18910024,case_HX294124,suspect
arrest_18910028,case_HX294124,suspect
arrest_18917031,case_HX308763,suspect
arrest_18917116,case_HX308763,suspect
arrest_18926350,case_HX328236,suspect
arrest_18926396,case_HX328236,suspect
arrest_18926384,case_HX328236,suspect
arrest_18926359,case_HX328236,suspect
arrest_18926367,case_HX328236,suspect
arrest_18932355,case_HX340514,suspect
arrest_18932359,case_HX340514,suspect
arrest_18932349,case_HX340514,suspect
arrest_30108226,case_JE494423,suspect
arrest_30108228,case_JE494423,suspect
arrest_18920162,case_HX315060,suspect
arrest_18920171,case_HX315060,suspect
arrest_30041453,case_JE189644,suspect
arrest_30041459,case_JE189644,suspect
arrest_18928075,case_HX331594,suspect
arrest_18928045,case_HX331594,suspect
arrest_18928093,case_HX331594,suspect
arrest_18911996,case_HX298461,suspect
arrest_18912011,case_HX298461,suspect
arrest_18909227,case_HX292391,suspect
arrest_18909208,case_HX292391,suspect
arrest_18925643,case_HX326741,suspect
arrest_18925652,case_HX326741,suspect
arrest_18925657,case_HX326741,suspect
arrest_30039985,case_JE183899,suspect
arrest_30039880,case_JE183899,suspect
arrest_30039989,case_JE183899,suspect
arrest_30039983,case_JE183899,suspect
arrest_30039939,case_JE183899,suspect
arrest_30039966,case_JE183899,suspect
arrest_30039994,case_JE183899,suspect
arrest_30039867,case_JE183899,suspect
arrest_30039916,case_JE183899,suspect
arrest_30039909,case_JE183899,suspect
arrest_18918309,case_HX311468,suspect
arrest_18918308,case_HX311468,suspect
arrest_18917788,case_HX310424,suspect
arrest_18917789,case_HX310424,suspect
arrest_18917673,case_HX310225,suspect
arrest_18917666,case_HX310225,suspect
arrest_18905946,case_HX285697,suspect
arrest_18905917,case_HX285697,suspect
arrest_18930409,case_HX336497,suspect
arrest_18930394,case_HX336497,suspect
arrest_18913373,case_HX301048,suspect
arrest_18913358,case_HX301048,suspect
arrest_18913348,case_HX301048,suspect
arrest_18913319,case_HX301048,suspect
arrest_18938795,case_HX353401,suspect
arrest_18938768,case_HX353401,suspect
arrest_18911176,case_HX296393,suspect
arrest_18911175,case_HX296393,suspect
arrest_18916655,case_HX308041,suspect
arrest_18916642,case_HX308041,suspect
arrest_18916004,case_HX306599,suspect
arrest_18915984,case_HX306599,suspect
arrest_18912747,case_HX299845,suspect
arrest_18912770,case_HX299845,suspect
arrest_18916843,case_HX308364,suspect
arrest_18916848,case_HX308364,suspect
arrest_18945681,case_HX367598,suspect
arrest_18945664,case_HX367598,suspect
arrest_18947179,case_HX370571,suspect
arrest_18947186,case_HX370571,suspect
arrest_18941470,case_HX359102,suspect
arrest_18941494,case_HX359102,suspect
arrest_18924967,case_HX324655,suspect
arrest_18924962,case_HX324655,suspect
arrest_30041493,case_JE123456,suspect
arrest_30041806,case_JE123456,suspect
arrest_30127048,case_JF165121,suspect
arrest_30127069,case_JF165121,suspect
arrest_18940256,case_HX356484,suspect
arrest_18940255,case_HX356484,suspect
arrest_18923139,case_HX321302,suspect
arrest_18923129,case_HX321302,suspect
arrest_18923821,case_HX322542,suspect
arrest_18923840,case_HX322542,suspect
arrest_18940225,case_HX356408,suspect
arrest_18940218,case_HX356408,suspect
arrest_18926884,case_HX329153,suspect
arrest_18926885,case_HX329153,suspect
arrest_18907441,case_HX288856,suspect
arrest_18907467,case_HX288856,suspect
arrest_18922802,case_HX320394,suspect
arrest_18922801,case_HX320394,suspect
arrest_18915660,case_HX305920,suspect
arrest_18915661,case_HX305920,suspect
arrest_18920314,case_HX315556,suspect
arrest_18920322,case_HX315556,suspect
arrest_30086510,case_JE390513,suspect
arrest_30086519,case_JE390513,suspect
arrest_18936309,case_HX348614,suspect
arrest_18936319,case_HX348614,suspect
arrest_18945403,case_HX367277,suspect
arrest_18945409,case_HX367277,suspect
arrest_18937466,case_HX350896,suspect
arrest_18937449,case_HX350896,suspect
arrest_18910751,case_HX295522,suspect
arrest_18910731,case_HX295522,suspect
arrest_18910749,case_HX295522,suspect
arrest_18910742,case_HX295522,suspect
arrest_18910714,case_HX295522,suspect
arrest_18924460,case_HX323790,suspect
arrest_18924440,case_HX323790,suspect
arrest_18919354,case_HX313597,suspect
arrest_18919416,case_HX313597,suspect
arrest_18919391,case_HX313597,suspect
arrest_18919383,case_HX313597,suspect
arrest_30063447,case_JE278047,suspect
arrest_30063452,case_JE278047,suspect
arrest_30041146,case_JE188392,suspect
arrest_30041107,case_JE188392,suspect
arrest_18910667,case_HX295316,suspect
arrest_18910681,case_HX295316,suspect
arrest_18932860,case_HX341461,suspect
arrest_18932797,case_HX341461,suspect
arrest_18916986,case_HX308775,suspect
arrest_18917065,case_HX308775,suspect
arrest_18910349,case_HX000000,suspect
arrest_18930138,case_HX000000,suspect
arrest_18909996,case_HX294010,suspect
arrest_18909972,case_HX294010,suspect
arrest_18938725,case_HX353286,suspect
arrest_18938712,case_HX353286,suspect
arrest_18943273,case_HX362549,suspect
arrest_18943280,case_HX362549,suspect
arrest_18950135,case_HX377058,suspect
arrest_18950140,case_HX377058,suspect
arrest_18939105,case_HX353962,suspect
arrest_18939086,case_HX353962,suspect
arrest_18939592,case_HX354987,suspect
arrest_18939561,case_HX354987,suspect
arrest_18939584,case_HX354987,suspect
arrest_18918550,case_HX312084,suspect
arrest_18918547,case_HX312084,suspect
arrest_18918551,case_HX312084,suspect
arrest_18907436,case_HX288952,suspect
arrest_18907426,case_HX288952,suspect
arrest_18938213,case_HX352302,suspect
arrest_18938256,case_HX352302,suspect
arrest_18916796,case_HX308258,suspect
arrest_18916794,case_HX308258,suspect
arrest_18949804,case_HX376329,suspect
arrest_18949771,case_HX376329,suspect
arrest_18949822,case_HX376329,suspect
arrest_18945552,case_HX367454,suspect
arrest_18945554,case_HX367454,suspect
arrest_18945557,case_HX367454,suspect
arrest_18930068,case_HX335770,suspect
arrest_18930037,case_HX335770,suspect
arrest_18930064,case_HX335770,suspect
arrest_18914875,case_HX296485,suspect
arrest_18914898,case_HX296485,suspect
arrest_18914884,case_HX296485,suspect
arrest_18914466,case_HX303414,suspect
arrest_18914468,case_HX303414,suspect
arrest_18914471,case_HX303414,suspect
arrest_18908103,case_HX290241,suspect
arrest_18908070,case_HX290241,suspect
arrest_18940768,case_HX357550,suspect
arrest_18940800,case_HX357550,suspect
arrest_18944543,case_HX365266,suspect
arrest_18944537,case_HX365266,suspect
arrest_18929177,case_HX333940,suspect
arrest_18929195,case_HX333940,suspect
arrest_18922468,case_HX279865,suspect
arrest_18922471,case_HX279865,suspect
arrest_18931411,case_HX338587,suspect
arrest_18931391,case_HX338587,suspect
arrest_18931418,case_HX338587,suspect
arrest_18931404,case_HX338587,suspect
arrest_18912699,case_HX299800,suspect
arrest_18912680,case_HX299800,suspect
arrest_18912735,case_HX299800,suspect
arrest_18912722,case_HX299800,suspect
arrest_30042028,case_JE191774,suspect
arrest_30042029,case_JE191774,suspect
arrest_18939809,case_HX355557,suspect
arrest_18939814,case_HX355557,suspect
arrest_18936826,case_HX349669,suspect
arrest_18936840,case_HX349669,suspect
arrest_18909343,case_HX292675,suspect
arrest_18909342,case_HX292675,suspect
arrest_18949935,case_HX376619,suspect
arrest_18949895,case_HX376619,suspect
arrest_18943965,case_HX364209,suspect
arrest_18943951,case_HX364209,suspect
arrest_18943967,case_HX364209,suspect
arrest_18943941,case_HX364209,suspect
arrest_18921293,case_HX317520,suspect
arrest_18921290,case_HX317520,suspect
arrest_18920795,case_HX316396,suspect
arrest_18920790,case_HX316396,suspect
arrest_18910466,case_HX294840,suspect
arrest_18910479,case_HX294840,suspect
arrest_18910484,case_HX294840,suspect
arrest_18916000,case_HX306636,suspect
arrest_18915987,case_HX306636,suspect
arrest_18943333,case_HX362574,suspect
arrest_18943320,case_HX362574,suspect
arrest_18948384,case_HX373145,suspect
arrest_18948391,case_HX373145,suspect
arrest_18936996,case_HX349976,suspect
arrest_18936975,case_HX349976,suspect
arrest_18925090,case_HX283326,suspect
arrest_18925093,case_HX283326,suspect
arrest_18925103,case_HX283326,suspect
arrest_18947025,case_HX357646,suspect
arrest_18947033,case_HX357646,suspect
arrest_18946999,case_HX357646,suspect
arrest_18949106,case_HX374881,suspect
arrest_18949110,case_HX374881,suspect
arrest_18908000,case_HX290123,suspect
arrest_18907990,case_HX290123,suspect
arrest_18908019,case_HX290123,suspect
arrest_18939289,case_HX354533,suspect
arrest_18939301,case_HX354533,suspect
arrest_30041406,case_JE189601,suspect
arrest_30041401,case_JE189601,suspect
arrest_18906085,case_HX285933,suspect
arrest_18906090,case_HX285933,suspect
arrest_18932785,case_HX341477,suspect
arrest_18932798,case_HX341477,suspect
arrest_18925837,case_HW327282,suspect
arrest_18925861,case_HW327282,suspect
arrest_18946459,case_HX369353,suspect
arrest_18946461,case_HX369353,suspect
arrest_18926645,case_HX328854,suspect
arrest_18926651,case_HX328854,suspect
arrest_18938935,case_HX353593,suspect
arrest_18938949,case_HX353593,suspect
arrest_18928014,case_HX331508,suspect
arrest_18928015,case_HX331508,suspect
arrest_18948850,case_HX374382,suspect
arrest_18948862,case_HX374382,suspect
arrest_18948848,case_HX374382,suspect
arrest_18940394,case_HX356724,suspect
arrest_18940378,case_HX356724,suspect
arrest_18919478,case_HX313755,suspect
arrest_18919481,case_HX313755,suspect
arrest_18919473,case_HX313755,suspect
arrest_18920803,case_HX313890,suspect
arrest_18920807,case_HX313890,suspect
arrest_18948053,case_HX372625,suspect
arrest_18948061,case_HX372625,suspect
arrest_18921568,case_HX318012,suspect
arrest_18921573,case_HX318012,suspect
arrest_18921575,case_HX318012,suspect
arrest_18921566,case_HX318012,suspect
arrest_18915842,case_HX306400,suspect
arrest_18915837,case_HX306400,suspect
arrest_18949776,case_HX376305,suspect
arrest_18949783,case_HX376305,suspect
arrest_18949755,case_HX376305,suspect
arrest_18949785,case_HX376305,suspect
arrest_18948929,case_HX374396,suspect
arrest_18948933,case_HX374396,suspect
arrest_18938516,case_HX352922,suspect
arrest_18938527,case_HX352922,suspect
arrest_18921254,case_HX317504,suspect
arrest_18921246,case_HX317504,suspect
arrest_18921249,case_HX317504,suspect
arrest_18921239,case_HX317504,suspect
arrest_30041359,case_JE189482,suspect
arrest_30041364,case_JE189482,suspect
arrest_18933500,case_HX342988,suspect
arrest_18933505,case_HX342988,suspect
arrest_18929377,case_HX334188,suspect
arrest_18929357,case_HX334188,suspect
arrest_18911324,case_HX296828,suspect
arrest_18911340,case_HX296828,suspect
arrest_18919048,case_HX312955,suspect
arrest_18919036,case_HX312955,suspect
arrest_18938435,case_HX346615,suspect
arrest_18935194,case_HX346615,suspect
arrest_18916618,case_HX308016,suspect
arrest_18916667,case_HX308016,suspect
arrest_18918524,case_HX312017,suspect
arrest_18918527,case_HX312017,suspect
arrest_18944430,case_HX365230,suspect
arrest_18944439,case_HX365230,suspect
arrest_18944707,case_HX364824,suspect
arrest_18944691,case_HX364824,suspect
arrest_18944671,case_HX364824,suspect
arrest_18944684,case_HX364824,suspect
arrest_18935624,case_HX347470,suspect
arrest_18935629,case_HX347470,suspect
arrest_18937045,case_HX350223,suspect
arrest_18937039,case_HX350223,suspect
arrest_18928692,case_HX332835,suspect
arrest_18928693,case_HX332835,suspect
arrest_18928690,case_HX332835,suspect
arrest_18932643,case_HX341292,suspect
arrest_18932669,case_HX341292,suspect
arrest_18937889,case_HX351750,suspect
arrest_18937891,case_HX351750,suspect
arrest_30039918,case_JE184086,suspect
arrest_30039911,case_JE184086,suspect
arrest_30039921,case_JE184086,suspect
arrest_30039908,case_JE184086,suspect
arrest_18916505,case_HX307606,suspect
arrest_18922521,case_HX307606,suspect
arrest_30040661,case_JE186663,suspect
arrest_30040660,case_JE186663,suspect
arrest_18914642,case_HX303641,suspect
arrest_18914609,case_HX303641,suspect
arrest_18924926,case_HX324625,suspect
arrest_18924927,case_HX324625,suspect
arrest_18919672,case_HX314267,suspect
arrest_18919674,case_HX314267,suspect
arrest_18906480,case_HX286609,suspect
arrest_18906473,case_HX286609,suspect
arrest_18917008,case_HX308600,suspect
arrest_18916973,case_HX308600,suspect
arrest_18916987,case_HX308600,suspect
arrest_18947222,case_HX370854,suspect
arrest_18947215,case_HX370854,suspect
arrest_18907991,case_HX290092,suspect
arrest_18908063,case_HX290092,suspect
arrest_18919332,case_HX313569,suspect
arrest_18919345,case_HX313569,suspect
arrest_18923531,case_HX321885,suspect
arrest_18923516,case_HX321885,suspect
arrest_18921730,case_HX318456,suspect
arrest_18921717,case_HX318456,suspect
arrest_18912902,case_HX300217,suspect
arrest_18912921,case_HX300217,suspect
arrest_18914227,case_HX302757,suspect
arrest_18914223,case_HX302757,suspect
arrest_18949495,case_HX375775,suspect
arrest_18949511,case_HX375775,suspect
arrest_18949640,case_HX375880,suspect
arrest_18949601,case_HX375880,suspect
arrest_18928117,case_HX331680,suspect
arrest_18928127,case_HX331680,suspect
arrest_30040245,case_JE185219,suspect
arrest_30040247,case_JE185219,suspect
arrest_18912359,case_HX299180,suspect
arrest_18912347,case_HX299180,suspect
arrest_18918592,case_HX312031,suspect
arrest_18918595,case_HX312031,suspect
arrest_18906083,case_HX285972,suspect
arrest_18906072,case_HX285972,suspect
arrest_18906081,case_HX285972,suspect
arrest_18945135,case_HX366655,suspect
arrest_18945147,case_HX366655,suspect
arrest_18928073,case_HX331512,suspect
arrest_18928097,case_HX331512,suspect
arrest_18907200,case_HX288307,suspect
arrest_18907171,case_HX288307,suspect
arrest_18927082,case_HX329797,suspect
arrest_18927081,case_HX329797,suspect
arrest_30040344,case_JE185512,suspect
arrest_30040333,case_JE185512,suspect
arrest_30040321,case_JE185512,suspect
arrest_30063607,case_JE278646,suspect
arrest_30063596,case_JE278646,suspect
arrest_18943461,case_HX363033,suspect
arrest_18943464,case_HX363033,suspect
arrest_18947398,case_HX371231,suspect
arrest_18947359,case_HX371231,suspect
arrest_18915858,case_HX306424,suspect
arrest_18915853,case_HX306424,suspect
arrest_18913462,case_HX301192,suspect
arrest_18940369,case_HX301192,suspect
arrest_18940452,case_HX888356,suspect
arrest_18940424,case_HX888356,suspect
arrest_18915950,case_HX306579,suspect
arrest_18915931,case_HX306579,suspect
arrest_18931753,case_HX339352,suspect
arrest_18931759,case_HX339352,suspect
arrest_18950042,case_HX376697,suspect
arrest_18950014,case_HX376697,suspect
arrest_18950030,case_HX376697,suspect
arrest_18906758,case_HX287452,suspect
arrest_18906780,case_HX287452,suspect
arrest_18948376,case_HX373039,suspect
arrest_18948382,case_HX373039,suspect
arrest_30063555,case_JE278485,suspect
arrest_30063556,case_JE278485,suspect
arrest_18918395,case_HX311774,suspect
arrest_18918396,case_HX311774,suspect
arrest_18922041,case_HX318943,suspect
arrest_18922028,case_HX318943,suspect
arrest_18937236,case_HX325017,suspect
arrest_18937190,case_HX325017,suspect
arrest_18947787,case_HX371879,suspect
arrest_18947791,case_HX371879,suspect
arrest_18918062,case_HX310914,suspect
arrest_18918048,case_HX310914,suspect
arrest_18918059,case_HX310914,suspect
arrest_18918065,case_HX310914,suspect
arrest_30063187,case_JE276658,suspect
arrest_30063190,case_JE276658,suspect
arrest_18946257,case_HX368894,suspect
arrest_18946261,case_HX368894,suspect
arrest_18911197,case_HX296557,suspect
arrest_18911203,case_HX296557,suspect
arrest_18917766,case_HX310360,suspect
arrest_18917790,case_HX310360,suspect
arrest_18917775,case_HX310360,suspect
arrest_18925889,case_HX327170,suspect
arrest_18925780,case_HX327170,suspect
arrest_18925911,case_HX327170,suspect
arrest_18936119,case_HX348260,suspect
arrest_18936130,case_HX348260,suspect
arrest_18907949,case_HX290050,suspect
arrest_18907956,case_HX290050,suspect
arrest_18914206,case_HX302696,suspect
arrest_18914226,case_HX302696,suspect
arrest_18945867,case_HX368062,suspect
arrest_18945834,case_HX368062,suspect
arrest_18945857,case_HX368062,suspect
arrest_18945818,case_HX368062,suspect
arrest_18945828,case_HX368062,suspect
arrest_30039986,case_JE184288,suspect
arrest_30039968,case_JE184288,suspect
arrest_18947491,case_HX371484,suspect
arrest_18947492,case_HX371484,suspect
arrest_18930102,case_HX335849,suspect
arrest_18930095,case_HX335849,suspect
arrest_18911857,case_HX298078,suspect
arrest_18911854,case_HX298078,suspect
arrest_18931016,case_HX337869,suspect
arrest_18931012,case_HX337869,suspect
arrest_18910518,case_HX294929,suspect
arrest_18910509,case_HX294929,suspect
arrest_18940483,case_HX356982,suspect
arrest_18940504,case_HX356982,suspect
arrest_18923790,case_HX322397,suspect
arrest_18923767,case_HX322397,suspect
arrest_18928022,case_HX331504,suspect
arrest_18928003,case_HX331504,suspect
arrest_18950068,case_HX376808,suspect
arrest_18950080,case_HX376808,suspect
arrest_18947313,case_HX371023,suspect
arrest_18947311,case_HX371023,suspect
arrest_18934661,case_HX345414,suspect
arrest_18934646,case_HX345414,suspect
arrest_18934653,case_HX345437,suspect
arrest_18934659,case_HX345437,suspect
arrest_18934657,case_HX345437,suspect
arrest_18943880,case_HX364073,suspect
arrest_18943871,case_HX364073,suspect
arrest_18943884,case_HX364073,suspect
arrest_18922199,case_HX319231,suspect
arrest_18922196,case_HX319231,suspect
arrest_18945757,case_HX367919,suspect
arrest_18945803,case_HX367919,suspect
arrest_18906013,case_HW534204,suspect
arrest_18905959,case_HW534204,suspect
arrest_18942518,case_HX360823,suspect
arrest_18942488,case_HX360823,suspect
arrest_18929764,case_HX334560,suspect
arrest_18929772,case_HX334560,suspect
arrest_18937193,case_HX350583,suspect
arrest_18937214,case_HX350583,suspect
arrest_18905993,case_HX285861,suspect
arrest_18906005,case_HX285861,suspect
arrest_18917159,case_HX309167,suspect
arrest_18917185,case_HX309167,suspect
arrest_18940836,case_HX357683,suspect
arrest_18940797,case_HX357683,suspect
arrest_18929231,case_HX333974,suspect
arrest_18929226,case_HX333974,suspect
arrest_18925819,case_HX327272,suspect
arrest_18925809,case_HX327272,suspect
arrest_18947839,case_HX372076,suspect
arrest_18947863,case_HX372076,suspect
arrest_18947843,case_HX372076,suspect
arrest_18933968,case_HX343960,suspect
arrest_18933990,case_HX343960,suspect
arrest_18923063,case_HX315980,suspect
arrest_18923090,case_HX315980,suspect
arrest_18920476,case_HX315970,suspect
arrest_18920481,case_HX315970,suspect
arrest_18912888,case_HX299997,suspect
arrest_18912855,case_HX299997,suspect
arrest_18912887,case_HX299997,suspect
arrest_18912941,case_HX299997,suspect
arrest_18912966,case_HX299997,suspect
arrest_18926471,case_HX328415,suspect
arrest_18926473,case_HX328415,suspect
arrest_18943913,case_HX347721,suspect
arrest_18943925,case_HX347721,suspect
arrest_18928115,case_HX331641,suspect
arrest_18928132,case_HX331641,suspect
arrest_18928128,case_HX331641,suspect
arrest_18919860,case_HX314685,suspect
arrest_18919872,case_HX314685,suspect
arrest_18910241,case_HX294157,suspect
arrest_18910191,case_HX294157,suspect
arrest_18910231,case_HX294157,suspect
arrest_18911399,case_HX277783,suspect
arrest_18911478,case_HX277783,suspect
arrest_18948900,case_HX374384,suspect
arrest_18948875,case_HX374384,suspect
arrest_18948889,case_HX374384,suspect
arrest_18948902,case_HX374384,suspect
arrest_18948910,case_HX374384,suspect
arrest_18936390,case_HX348581,suspect
arrest_18936337,case_HX348581,suspect
arrest_18910031,case_HX294093,suspect
arrest_18910015,case_HX294093,suspect
arrest_18939748,case_HX355412,suspect
arrest_18939747,case_HX355412,suspect
arrest_18946181,case_HX305873,suspect
arrest_18946186,case_HX305873,suspect
arrest_30041517,case_JE189932,suspect
arrest_30041545,case_JE189932,suspect
arrest_18923174,case_HX321310,suspect
arrest_18923168,case_HX321310,suspect
arrest_18949845,case_HX376497,suspect
arrest_18949864,case_HX376497,suspect
arrest_18949869,case_HX376497,suspect
arrest_18949859,case_HX376497,suspect
arrest_18939099,case_HX354049,suspect
arrest_18939100,case_HX354049,suspect
arrest_18935216,case_HX346503,suspect
arrest_18935201,case_HX346503,suspect
arrest_18930814,case_HX337367,suspect
arrest_18930822,case_HX337367,suspect
arrest_18936126,case_HX348114,suspect
arrest_18936200,case_HX348114,suspect
arrest_18908750,case_HX291557,suspect
arrest_18948442,case_HX291557,suspect
arrest_18906707,case_HX287375,suspect
arrest_18906712,case_HX287375,suspect
arrest_18906702,case_HX287375,suspect
arrest_18946836,case_HX370128,suspect
arrest_18946865,case_HX370128,suspect
arrest_18946810,case_HX370128,suspect
arrest_18946849,case_HX370128,suspect
arrest_18936749,case_HX349557,suspect
arrest_18936750,case_HX349557,suspect
arrest_18925156,case_HX325263,suspect
arrest_18925148,case_HX325263,suspect
arrest_18905884,case_HX285702,suspect
arrest_18905915,case_HX285702,suspect
arrest_18922824,case_HX320429,suspect
arrest_18922833,case_HX320429,suspect
arrest_18936399,case_HX349000,suspect
arrest_18936415,case_HX349000,suspect
arrest_18928426,case_HX332275,suspect
arrest_18928420,case_HX332275,suspect
arrest_18920498,case_HX316000,suspect
arrest_18920490,case_HX316000,suspect
arrest_18934161,case_HX344182,suspect
arrest_18934164,case_HX344182,suspect
arrest_18934453,case_HX345093,suspect
arrest_18934470,case_HX345093,suspect
arrest_18948842,case_HX374348,suspect
arrest_18948828,case_HX374348,suspect
arrest_18932639,case_HX341299,suspect
arrest_18932650,case_HX341299,suspect
arrest_18923279,case_HX321656,suspect
arrest_18923304,case_HX321656,suspect
arrest_18923301,case_HX321656,suspect
arrest_18915885,case_HX306467,suspect
arrest_18915887,case_HX306467,suspect
arrest_18917247,case_HX309299,suspect
arrest_18917251,case_HX309299,suspect
arrest_18946513,case_HX369500,suspect
arrest_18946495,case_HX369500,suspect
arrest_18919006,case_HX312887,suspect
arrest_18919010,case_HX312887,suspect
arrest_30040107,case_JE184750,suspect
arrest_30040100,case_JE184750,suspect
arrest_18932569,case_HX341189,suspect
arrest_18932566,case_HX341189,suspect
arrest_18937717,case_HX351294,suspect
arrest_18937702,case_HX351294,suspect
arrest_18944473,case_HX365323,suspect
arrest_18944471,case_HX365323,suspect
arrest_18921182,case_HX317315,suspect
arrest_18921181,case_HX317315,suspect
arrest_18931945,case_HX339769,suspect
arrest_18931973,case_HX339769,suspect
arrest_18931104,case_HX338077,suspect
arrest_18931114,case_HX338077,suspect
arrest_18930375,case_HX336432,suspect
arrest_18930386,case_HX336432,suspect
arrest_18930331,case_HX336432,suspect
arrest_18909116,case_HX219259,suspect
arrest_18909129,case_HX219259,suspect
arrest_18909084,case_HX219259,suspect
arrest_18942931,case_HX361818,suspect
arrest_18942938,case_HX361818,suspect
arrest_18945770,case_HX367991,suspect
arrest_18945787,case_HX367991,suspect
arrest_18932994,case_HX341890,suspect
arrest_18932993,case_HX341890,suspect
arrest_18921028,case_HX316988,suspect
arrest_18921009,case_HX316988,suspect
arrest_18930875,case_HX337425,suspect
arrest_18930877,case_HX337425,suspect
arrest_18921879,case_HX318764,suspect
arrest_18921870,case_HX318764,suspect
arrest_18929922,case_HX335586,suspect
arrest_18929925,case_HX335586,suspect
arrest_18938650,case_HX352204,suspect
arrest_18938656,case_HX352204,suspect
arrest_18938652,case_HX352204,suspect
arrest_18938655,case_HX352204,suspect
arrest_18919716,case_HX314320,suspect
arrest_18919715,case_HX314320,suspect
arrest_18936090,case_HX348154,suspect
arrest_18936036,case_HX348154,suspect
arrest_18945095,case_HX366587,suspect
arrest_18945122,case_HX366587,suspect
arrest_18921647,case_HX318193,suspect
arrest_18921663,case_HX318193,suspect
arrest_18942513,case_HX360974,suspect
arrest_18942517,case_HX360974,suspect
arrest_18924733,case_HX324288,suspect
arrest_18924749,case_HX324288,suspect
arrest_18910805,case_HX295599,suspect
arrest_18910806,case_HX295599,suspect
arrest_18918865,case_HX312431,suspect
arrest_18918825,case_HX312431,suspect
arrest_18906634,case_HX287268,suspect
arrest_18906613,case_HX287268,suspect
arrest_18917095,case_HX309023,suspect
arrest_18917083,case_HX309023,suspect
arrest_18909102,case_HX292204,suspect
arrest_18909099,case_HX292204,suspect
arrest_18920674,case_HX316188,suspect
arrest_18920621,case_HX316188,suspect
arrest_18920612,case_HX316188,suspect
arrest_18920637,case_HX316188,suspect
